Area,SalePrice
1461,175577.98789681378
1462,175582.93430332385
1463,175587.88070983393
1464,175592.827116344
1465,175597.77352285408
1466,175602.7199293642
1467,175607.66633587427
1468,175612.61274238434
1469,175617.55914889442
1470,175622.5055554045
1471,175627.45196191457
1472,175632.39836842465
1473,175637.34477493475
1474,175642.29118144483
1475,175647.2375879549
1476,175652.18399446498
1477,175657.13040097506
1478,175662.07680748514
1479,175667.0232139952
1480,175671.96962050532
1481,175676.9160270154
1482,175681.86243352547
1483,175686.80884003555
1484,175691.75524654562
1485,175696.7016530557
1486,175701.64805956578
1487,175706.59446607588
1488,175711.54087258596
1489,175716.48727909604
1490,175721.4336856061
1491,175726.3800921162
1492,175731.32649862627
1493,175736.27290513634
1494,175741.21931164642
1495,175746.16571815652
1496,175751.1121246666
1497,175756.05853117668
1498,175761.00493768675
1499,175765.95134419683
1500,175770.8977507069
1501,175775.844157217
1502,175780.7905637271
1503,175785.73697023717
1504,175790.68337674724
1505,175795.62978325732
1506,175800.5761897674
1507,175805.52259627747
1508,175810.46900278755
1509,175815.41540929765
1510,175820.36181580773
1511,175825.3082223178
1512,175830.25462882788
1513,175835.20103533796
1514,175840.14744184804
1515,175845.09384835814
1516,175850.04025486822
1517,175854.9866613783
1518,175859.93306788837
1519,175864.87947439845
1520,175869.82588090852
1521,175874.7722874186
1522,175879.71869392868
1523,175884.66510043878
1524,175889.61150694886
1525,175894.55791345894
1526,175899.504319969
1527,175904.4507264791
1528,175909.39713298916
1529,175914.34353949927
1530,175919.28994600935
1531,175924.23635251942
1532,175929.1827590295
1533,175934.12916553958
1534,175939.07557204965
1535,175944.02197855973
1536,175948.9683850698
1537,175953.9147915799
1538,175958.86119809
1539,175963.80760460006
1540,175968.75401111014
1541,175973.70041762022
1542,175978.6468241303
1543,175983.59323064037
1544,175988.53963715048
1545,175993.48604366055
1546,175998.43245017063
1547,176003.3788566807
1548,176008.32526319078
1549,176013.27166970086
1550,176018.21807621093
1551,176023.16448272104
1552,176028.11088923112
1553,176033.0572957412
1554,176038.00370225127
1555,176042.95010876135
1556,176047.89651527142
1557,176052.8429217815
1558,176057.7893282916
1559,176062.73573480168
1560,176067.68214131176
1561,176072.62854782183
1562,176077.5749543319
1563,176082.521360842
1564,176087.46776735206
1565,176092.41417386217
1566,176097.36058037225
1567,176102.30698688232
1568,176107.2533933924
1569,176112.19979990248
1570,176117.14620641255
1571,176122.09261292263
1572,176127.03901943273
1573,176131.9854259428
1574,176136.9318324529
1575,176141.87823896296
1576,176146.82464547304
1577,176151.77105198312
1578,176156.7174584932
1579,176161.6638650033
1580,176166.61027151337
1581,176171.55667802345
1582,176176.50308453353
1583,176181.4494910436
1584,176186.39589755368
1585,176191.34230406376
1586,176196.28871057386
1587,176201.23511708394
1588,176206.18152359402
1589,176211.1279301041
1590,176216.07433661417
1591,176221.02074312425
1592,176225.96714963432
1593,176230.91355614443
1594,176235.8599626545
1595,176240.80636916458
1596,176245.75277567466
1597,176250.69918218473
1598,176255.6455886948
1599,176260.5919952049
1600,176265.538401715
1601,176270.48480822507
1602,176275.43121473514
1603,176280.37762124522
1604,176285.3240277553
1605,176290.27043426537
1606,176295.21684077545
1607,176300.16324728556
1608,176305.10965379563
1609,176310.0560603057
1610,176315.0024668158
1611,176319.94887332586
1612,176324.89527983594
1613,176329.84168634602
1614,176334.78809285612
1615,176339.7344993662
1616,176344.68090587627
1617,176349.62731238635
1618,176354.57371889643
1619,176359.5201254065
1620,176364.46653191658
1621,176369.41293842669
1622,176374.35934493676
1623,176379.30575144684
1624,176384.25215795691
1625,176389.198564467
1626,176394.14497097707
1627,176399.09137748714
1628,176404.03778399725
1629,176408.98419050733
1630,176413.9305970174
1631,176418.87700352748
1632,176423.82341003756
1633,176428.76981654763
1634,176433.7162230577
1635,176438.6626295678
1636,176443.6090360779
1637,176448.55544258797
1638,176453.50184909804
1639,176458.44825560812
1640,176463.3946621182
1641,176468.34106862827
1642,176473.28747513838
1643,176478.23388164846
1644,176483.18028815853
1645,176488.1266946686
1646,176493.07310117868
1647,176498.01950768876
1648,176502.96591419884
1649,176507.91232070894
1650,176512.85872721902
1651,176517.8051337291
1652,176522.75154023917
1653,176527.69794674925
1654,176532.64435325933
1655,176537.5907597694
1656,176542.5371662795
1657,176547.48357278958
1658,176552.42997929966
1659,176557.37638580974
1660,176562.3227923198
1661,176567.2691988299
1662,176572.21560533997
1663,176577.16201185007
1664,176582.10841836015
1665,176587.05482487023
1666,176592.0012313803
1667,176596.94763789038
1668,176601.89404440045
1669,176606.84045091053
1670,176611.78685742064
1671,176616.7332639307
1672,176621.6796704408
1673,176626.62607695087
1674,176631.57248346094
1675,176636.51888997102
1676,176641.4652964811
1677,176646.4117029912
1678,176651.35810950128
1679,176656.30451601135
1680,176661.25092252143
1681,176666.1973290315
1682,176671.14373554158
1683,176676.09014205166
1684,176681.03654856177
1685,176685.98295507184
1686,176690.92936158192
1687,176695.875768092
1688,176700.82217460207
1689,176705.76858111215
1690,176710.71498762222
1691,176715.66139413233
1692,176720.6078006424
1693,176725.55420715248
1694,176730.50061366256
1695,176735.44702017264
1696,176740.3934266827
1697,176745.3398331928
1698,176750.2862397029
1699,176755.23264621297
1700,176760.17905272305
1701,176765.12545923312
1702,176770.0718657432
1703,176775.01827225328
1704,176779.96467876335
1705,176784.91108527343
1706,176789.85749178354
1707,176794.8038982936
1708,176799.7503048037
1709,176804.69671131377
1710,176809.64311782384
1711,176814.58952433392
1712,176819.53593084402
1713,176824.4823373541
1714,176829.42874386418
1715,176834.37515037425
1716,176839.32155688433
1717,176844.2679633944
1718,176849.21436990448
1719,176854.16077641456
1720,176859.10718292466
1721,176864.05358943474
1722,176868.99999594482
1723,176873.9464024549
1724,176878.89280896497
1725,176883.83921547505
1726,176888.78562198515
1727,176893.73202849523
1728,176898.6784350053
1729,176903.62484151538
1730,176908.57124802546
1731,176913.51765453554
1732,176918.4640610456
1733,176923.4104675557
1734,176928.3568740658
1735,176933.30328057587
1736,176938.24968708595
1737,176943.19609359602
1738,176948.1425001061
1739,176953.08890661618
1740,176958.03531312628
1741,176962.98171963636
1742,176967.92812614643
1743,176972.8745326565
1744,176977.8209391666
1745,176982.76734567666
1746,176987.71375218674
1747,176992.66015869682
1748,176997.60656520692
1749,177002.552971717
1750,177007.49937822708
1751,177012.44578473715
1752,177017.39219124723
1753,177022.3385977573
1754,177027.2850042674
1755,177032.2314107775
1756,177037.17781728756
1757,177042.12422379764
1758,177047.07063030772
1759,177052.0170368178
1760,177056.96344332787
1761,177061.90984983795
1762,177066.85625634805
1763,177071.80266285813
1764,177076.7490693682
1765,177081.69547587828
1766,177086.64188238836
1767,177091.58828889843
1768,177096.53469540854
1769,177101.48110191862
1770,177106.4275084287
1771,177111.37391493877
1772,177116.32032144885
1773,177121.26672795892
1774,177126.213134469
1775,177131.15954097908
1776,177136.10594748918
1777,177141.05235399926
1778,177145.99876050933
1779,177150.9451670194
1780,177155.8915735295
1781,177160.83798003956
1782,177165.78438654967
1783,177170.73079305975
1784,177175.67719956982
1785,177180.6236060799
1786,177185.57001258997
1787,177190.51641910005
1788,177195.46282561013
1789,177200.4092321202
1790,177205.3556386303
1791,177210.3020451404
1792,177215.24845165046
1793,177220.19485816054
1794,177225.14126467062
1795,177230.0876711807
1796,177235.03407769077
1797,177239.98048420087
1798,177244.92689071095
1799,177249.87329722103
1800,177254.8197037311
1801,177259.76611024118
1802,177264.71251675126
1803,177269.65892326133
1804,177274.60532977144
1805,177279.55173628152
1806,177284.4981427916
1807,177289.44454930167
1808,177294.39095581174
1809,177299.33736232182
1810,177304.2837688319
1811,177309.230175342
1812,177314.17658185208
1813,177319.12298836216
1814,177324.06939487223
1815,177329.0158013823
1816,177333.9622078924
1817,177338.90861440246
1818,177343.85502091257
1819,177348.80142742264
1820,177353.74783393272
1821,177358.6942404428
1822,177363.64064695287
1823,177368.58705346295
1824,177373.53345997303
1825,177378.47986648313
1826,177383.4262729932
1827,177388.37267950329
1828,177393.31908601336
1829,177398.26549252344
1830,177403.21189903351
1831,177408.1583055436
1832,177413.1047120537
1833,177418.05111856377
1834,177422.99752507385
1835,177427.94393158393
1836,177432.890338094
1837,177437.83674460408
1838,177442.78315111416
1839,177447.72955762426
1840,177452.67596413434
1841,177457.6223706444
1842,177462.5687771545
1843,177467.51518366457
1844,177472.46159017464
1845,177477.40799668472
1846,177482.35440319483
1847,177487.3008097049
1848,177492.24721621498
1849,177497.19362272506
1850,177502.14002923513
1851,177507.0864357452
1852,177512.03284225528
1853,177516.9792487654
1854,177521.92565527547
1855,177526.87206178554
1856,177531.81846829562
1857,177536.7648748057
1858,177541.71128131577
1859,177546.65768782585
1860,177551.60409433595
1861,177556.55050084603
1862,177561.4969073561
1863,177566.44331386618
1864,177571.38972037626
1865,177576.33612688634
1866,177581.2825333964
1867,177586.22893990652
1868,177591.1753464166
1869,177596.12175292667
1870,177601.06815943675
1871,177606.01456594683
1872,177610.9609724569
1873,177615.90737896698
1874,177620.85378547708
1875,177625.80019198716
1876,177630.74659849724
1877,177635.6930050073
1878,177640.6394115174
1879,177645.58581802747
1880,177650.53222453754
1881,177655.47863104765
1882,177660.42503755772
1883,177665.3714440678
1884,177670.31785057788
1885,177675.26425708795
1886,177680.21066359803
1887,177685.1570701081
1888,177690.1034766182
1889,177695.0498831283
1890,177699.99628963837
1891,177704.94269614844
1892,177709.88910265852
1893,177714.8355091686
1894,177719.78191567867
1895,177724.72832218878
1896,177729.67472869885
1897,177734.62113520893
1898,177739.567541719
1899,177744.51394822908
1900,177749.46035473916
1901,177754.40676124924
1902,177759.35316775934
1903,177764.29957426942
1904,177769.2459807795
1905,177774.19238728957
1906,177779.13879379965
1907,177784.08520030972
1908,177789.0316068198
1909,177793.9780133299
1910,177798.92441983998
1911,177803.87082635006
1912,177808.81723286014
1913,177813.7636393702
1914,177818.7100458803
1915,177823.65645239037
1916,177828.60285890047
1917,177833.54926541055
1918,177838.49567192062
1919,177843.4420784307
1920,177848.38848494078
1921,177853.33489145085
1922,177858.28129796093
1923,177863.22770447104
1924,177868.1741109811
1925,177873.1205174912
1926,177878.06692400126
1927,177883.01333051134
1928,177887.95973702142
1929,177892.9061435315
1930,177897.85255004157
1931,177902.79895655168
1932,177907.74536306175
1933,177912.69176957183
1934,177917.6381760819
1935,177922.58458259198
1936,177927.53098910206
1937,177932.47739561216
1938,177937.42380212224
1939,177942.37020863232
1940,177947.3166151424
1941,177952.26302165247
1942,177957.20942816255
1943,177962.15583467262
1944,177967.1022411827
1945,177972.0486476928
1946,177976.99505420288
1947,177981.94146071296
1948,177986.88786722303
1949,177991.8342737331
1950,177996.7806802432
1951,178001.7270867533
1952,178006.67349326337
1953,178011.61989977345
1954,178016.56630628352
1955,178021.5127127936
1956,178026.45911930368
1957,178031.40552581375
1958,178036.35193232383
1959,178041.29833883393
1960,178046.244745344
1961,178051.1911518541
1962,178056.13755836416
1963,178061.08396487424
1964,178066.03037138432
1965,178070.97677789442
1966,178075.9231844045
1967,178080.86959091458
1968,178085.81599742465
1969,178090.76240393473
1970,178095.7088104448
1971,178100.65521695488
1972,178105.60162346496
1973,178110.54802997506
1974,178115.49443648514
1975,178120.44084299522
1976,178125.3872495053
1977,178130.33365601537
1978,178135.28006252545
1979,178140.22646903555
1980,178145.17287554563
1981,178150.1192820557
1982,178155.06568856578
1983,178160.01209507586
1984,178164.95850158593
1985,178169.904908096
1986,178174.8513146061
1987,178179.7977211162
1988,178184.74412762627
1989,178189.69053413635
1990,178194.63694064642
1991,178199.5833471565
1992,178204.52975366657
1993,178209.47616017668
1994,178214.42256668676
1995,178219.36897319683
1996,178224.3153797069
1997,178229.261786217
1998,178234.20819272706
1999,178239.15459923714
2000,178244.10100574722
2001,178249.04741225732
2002,178253.9938187674
2003,178258.94022527747
2004,178263.88663178755
2005,178268.83303829763
2006,178273.7794448077
2007,178278.7258513178
2008,178283.6722578279
2009,178288.61866433796
2010,178293.56507084804
2011,178298.51147735812
2012,178303.4578838682
2013,178308.40429037827
2014,178313.35069688834
2015,178318.29710339845
2016,178323.24350990853
2017,178328.1899164186
2018,178333.13632292868
2019,178338.08272943876
2020,178343.02913594883
2021,178347.97554245894
2022,178352.92194896901
2023,178357.8683554791
2024,178362.81476198917
2025,178367.76116849924
2026,178372.70757500932
2027,178377.6539815194
2028,178382.60038802947
2029,178387.54679453958
2030,178392.49320104966
2031,178397.43960755973
2032,178402.3860140698
2033,178407.33242057989
2034,178412.27882708996
2035,178417.22523360004
2036,178422.17164011014
2037,178427.11804662022
2038,178432.0644531303
2039,178437.01085964037
2040,178441.95726615045
2041,178446.90367266053
2042,178451.8500791706
2043,178456.7964856807
2044,178461.74289219078
2045,178466.68929870086
2046,178471.63570521094
2047,178476.582111721
2048,178481.5285182311
2049,178486.47492474117
2050,178491.42133125127
2051,178496.36773776135
2052,178501.31414427143
2053,178506.2605507815
2054,178511.20695729158
2055,178516.15336380166
2056,178521.09977031173
2057,178526.04617682184
2058,178530.9925833319
2059,178535.938989842
2060,178540.88539635207
2061,178545.83180286214
2062,178550.77820937222
2063,178555.7246158823
2064,178560.6710223924
2065,178565.61742890248
2066,178570.56383541255
2067,178575.51024192263
2068,178580.4566484327
2069,178585.40305494278
2070,178590.34946145286
2071,178595.29586796297
2072,178600.24227447304
2073,178605.18868098312
2074,178610.1350874932
2075,178615.08149400327
2076,178620.02790051335
2077,178624.97430702343
2078,178629.92071353353
2079,178634.8671200436
2080,178639.81352655368
2081,178644.75993306376
2082,178649.70633957384
2083,178654.6527460839
2084,178659.599152594
2085,178664.5455591041
2086,178669.49196561417
2087,178674.43837212425
2088,178679.38477863432
2089,178684.3311851444
2090,178689.27759165448
2091,178694.22399816455
2092,178699.17040467466
2093,178704.11681118474
2094,178709.0632176948
2095,178714.0096242049
2096,178718.95603071497
2097,178723.90243722504
2098,178728.84884373512
2099,178733.79525024522
2100,178738.7416567553
2101,178743.68806326538
2102,178748.63446977545
2103,178753.58087628553
2104,178758.5272827956
2105,178763.47368930568
2106,178768.4200958158
2107,178773.36650232587
2108,178778.31290883594
2109,178783.25931534602
2110,178788.2057218561
2111,178793.15212836617
2112,178798.09853487625
2113,178803.04494138635
2114,178807.99134789643
2115,178812.9377544065
2116,178817.88416091658
2117,178822.83056742666
2118,178827.77697393674
2119,178832.7233804468
2120,178837.66978695692
2121,178842.616193467
2122,178847.56259997707
2123,178852.50900648715
2124,178857.45541299722
2125,178862.4018195073
2126,178867.34822601738
2127,178872.29463252748
2128,178877.24103903756
2129,178882.18744554764
2130,178887.1338520577
2131,178892.0802585678
2132,178897.02666507786
2133,178901.97307158794
2134,178906.91947809805
2135,178911.86588460812
2136,178916.8122911182
2137,178921.75869762828
2138,178926.70510413835
2139,178931.65151064843
2140,178936.5979171585
2141,178941.5443236686
2142,178946.4907301787
2143,178951.43713668876
2144,178956.38354319884
2145,178961.32994970892
2146,178966.276356219
2147,178971.22276272907
2148,178976.16916923918
2149,178981.11557574925
2150,178986.06198225933
2151,178991.0083887694
2152,178995.95479527948
2153,179000.90120178956
2154,179005.84760829963
2155,179010.79401480974
2156,179015.74042131982
2157,179020.6868278299
2158,179025.63323433997
2159,179030.57964085005
2160,179035.52604736012
2161,179040.4724538702
2162,179045.4188603803
2163,179050.36526689038
2164,179055.31167340046
2165,179060.25807991053
2166,179065.2044864206
2167,179070.1508929307
2168,179075.09729944076
2169,179080.04370595084
2170,179084.99011246095
2171,179089.93651897102
2172,179094.8829254811
2173,179099.82933199118
2174,179104.77573850125
2175,179109.72214501133
2176,179114.66855152143
2177,179119.6149580315
2178,179124.5613645416
2179,179129.50777105166
2180,179134.45417756174
2181,179139.40058407182
2182,179144.3469905819
2183,179149.29339709197
2184,179154.23980360207
2185,179159.18621011215
2186,179164.13261662223
2187,179169.0790231323
2188,179174.02542964238
2189,179178.97183615246
2190,179183.91824266256
2191,179188.86464917264
2192,179193.81105568272
2193,179198.7574621928
2194,179203.70386870287
2195,179208.65027521295
2196,179213.59668172302
2197,179218.5430882331
2198,179223.4894947432
2199,179228.43590125328
2200,179233.38230776336
2201,179238.32871427343
2202,179243.2751207835
2203,179248.2215272936
2204,179253.1679338037
2205,179258.11434031377
2206,179263.06074682384
2207,179268.00715333392
2208,179272.953559844
2209,179277.89996635407
2210,179282.84637286415
2211,179287.79277937423
2212,179292.73918588433
2213,179297.6855923944
2214,179302.6319989045
2215,179307.57840541456
2216,179312.52481192464
2217,179317.47121843472
2218,179322.41762494482
2219,179327.3640314549
2220,179332.31043796497
2221,179337.25684447505
2222,179342.20325098513
2223,179347.1496574952
2224,179352.09606400528
2225,179357.04247051536
2226,179361.98887702546
2227,179366.93528353554
2228,179371.88169004561
2229,179376.8280965557
2230,179381.77450306577
2231,179386.72090957584
2232,179391.66731608595
2233,179396.61372259603
2234,179401.5601291061
2235,179406.50653561618
2236,179411.45294212626
2237,179416.39934863633
2238,179421.3457551464
2239,179426.29216165649
2240,179431.2385681666
2241,179436.18497467667
2242,179441.13138118674
2243,179446.07778769682
2244,179451.0241942069
2245,179455.97060071697
2246,179460.91700722708
2247,179465.86341373716
2248,179470.80982024723
2249,179475.7562267573
2250,179480.70263326738
2251,179485.64903977746
2252,179490.59544628754
2253,179495.5418527976
2254,179500.48825930772
2255,179505.4346658178
2256,179510.38107232787
2257,179515.32747883795
2258,179520.27388534803
2259,179525.2202918581
2260,179530.16669836818
2261,179535.11310487828
2262,179540.05951138836
2263,179545.00591789844
2264,179549.9523244085
2265,179554.8987309186
2266,179559.84513742867
2267,179564.79154393874
2268,179569.73795044885
2269,179574.68435695893
2270,179579.630763469
2271,179584.57716997908
2272,179589.52357648915
2273,179594.46998299923
2274,179599.4163895093
2275,179604.3627960194
2276,179609.3092025295
2277,179614.25560903957
2278,179619.20201554964
2279,179624.14842205972
2280,179629.0948285698
2281,179634.04123507987
2282,179638.98764158998
2283,179643.93404810005
2284,179648.88045461013
2285,179653.8268611202
2286,179658.77326763028
2287,179663.71967414036
2288,179668.66608065044
2289,179673.61248716054
2290,179678.55889367062
2291,179683.5053001807
2292,179688.45170669077
2293,179693.39811320085
2294,179698.34451971092
2295,179703.290926221
2296,179708.2373327311
2297,179713.18373924118
2298,179718.13014575126
2299,179723.07655226134
2300,179728.0229587714
2301,179732.9693652815
2302,179737.91577179157
2303,179742.86217830167
2304,179747.80858481175
2305,179752.75499132182
2306,179757.7013978319
2307,179762.64780434198
2308,179767.59421085205
2309,179772.54061736213
2310,179777.48702387224
2311,179782.4334303823
2312,179787.3798368924
2313,179792.32624340247
2314,179797.27264991254
2315,179802.21905642262
2316,179807.1654629327
2317,179812.1118694428
2318,179817.05827595288
2319,179822.00468246295
2320,179826.95108897303
2321,179831.8974954831
2322,179836.84390199318
2323,179841.79030850326
2324,179846.73671501337
2325,179851.68312152344
2326,179856.62952803352
2327,179861.5759345436
2328,179866.52234105367
2329,179871.46874756375
2330,179876.41515407382
2331,179881.36156058393
2332,179886.307967094
2333,179891.25437360408
2334,179896.20078011416
2335,179901.14718662424
2336,179906.0935931343
2337,179911.0399996444
2338,179915.9864061545
2339,179920.93281266457
2340,179925.87921917465
2341,179930.82562568472
2342,179935.7720321948
2343,179940.71843870488
2344,179945.66484521495
2345,179950.61125172506
2346,179955.55765823514
2347,179960.5040647452
2348,179965.4504712553
2349,179970.39687776536
2350,179975.34328427544
2351,179980.28969078552
2352,179985.23609729562
2353,179990.1825038057
2354,179995.12891031578
2355,180000.07531682585
2356,180005.02172333593
2357,180009.968129846
2358,180014.91453635608
2359,180019.8609428662
2360,180024.80734937626
2361,180029.75375588634
2362,180034.70016239642
2363,180039.6465689065
2364,180044.59297541657
2365,180049.53938192665
2366,180054.48578843675
2367,180059.43219494683
2368,180064.3786014569
2369,180069.32500796698
2370,180074.27141447706
2371,180079.21782098713
2372,180084.1642274972
2373,180089.11063400732
2374,180094.0570405174
2375,180099.00344702747
2376,180103.94985353755
2377,180108.89626004762
2378,180113.8426665577
2379,180118.78907306778
2380,180123.73547957788
2381,180128.68188608796
2382,180133.62829259803
2383,180138.5746991081
2384,180143.5211056182
2385,180148.46751212826
2386,180153.41391863834
2387,180158.36032514845
2388,180163.30673165852
2389,180168.2531381686
2390,180173.19954467868
2391,180178.14595118875
2392,180183.09235769883
2393,180188.0387642089
2394,180192.98517071898
2395,180197.9315772291
2396,180202.87798373916
2397,180207.82439024924
2398,180212.77079675932
2399,180217.7172032694
2400,180222.66360977947
2401,180227.61001628957
2402,180232.55642279965
2403,180237.50282930973
2404,180242.4492358198
2405,180247.39564232988
2406,180252.34204883996
2407,180257.28845535003
2408,180262.2348618601
2409,180267.18126837022
2410,180272.1276748803
2411,180277.07408139037
2412,180282.02048790045
2413,180286.96689441052
2414,180291.9133009206
2415,180296.8597074307
2416,180301.80611394078
2417,180306.75252045086
2418,180311.69892696093
2419,180316.645333471
2420,180321.5917399811
2421,180326.53814649116
2422,180331.48455300124
2423,180336.43095951134
2424,180341.37736602142
2425,180346.3237725315
2426,180351.27017904157
2427,180356.21658555165
2428,180361.16299206173
2429,180366.10939857183
2430,180371.0558050819
2431,180376.002211592
2432,180380.94861810206
2433,180385.89502461214
2434,180390.84143112221
2435,180395.7878376323
2436,180400.73424414237
2437,180405.68065065247
2438,180410.62705716255
2439,180415.57346367263
2440,180420.5198701827
2441,180425.46627669278
2442,180430.41268320286
2443,180435.35908971296
2444,180440.30549622304
2445,180445.2519027331
2446,180450.1983092432
2447,180455.14471575327
2448,180460.09112226334
2449,180465.03752877342
2450,180469.9839352835
2451,180474.9303417936
2452,180479.87674830368
2453,180484.82315481376
2454,180489.76956132383
2455,180494.7159678339
2456,180499.66237434398
2457,180504.6087808541
2458,180509.55518736417
2459,180514.50159387424
2460,180519.44800038432
2461,180524.3944068944
2462,180529.34081340447
2463,180534.28721991455
2464,180539.23362642463
2465,180544.18003293473
2466,180549.1264394448
2467,180554.07284595488
2468,180559.01925246496
2469,180563.96565897504
2470,180568.9120654851
2471,180573.85847199522
2472,180578.8048785053
2473,180583.75128501537
2474,180588.69769152545
2475,180593.64409803553
2476,180598.5905045456
2477,180603.53691105568
2478,180608.48331756575
2479,180613.42972407586
2480,180618.37613058594
2481,180623.322537096
2482,180628.2689436061
2483,180633.21535011617
2484,180638.16175662624
2485,180643.10816313635
2486,180648.05456964643
2487,180653.0009761565
2488,180657.94738266658
2489,180662.89378917665
2490,180667.84019568673
2491,180672.7866021968
2492,180677.73300870688
2493,180682.679415217
2494,180687.62582172707
2495,180692.57222823714
2496,180697.51863474722
2497,180702.4650412573
2498,180707.41144776737
2499,180712.35785427745
2500,180717.30426078755
2501,180722.25066729763
2502,180727.1970738077
2503,180732.14348031778
2504,180737.08988682786
2505,180742.03629333794
2506,180746.982699848
2507,180751.92910635812
2508,180756.8755128682
2509,180761.82191937827
2510,180766.76832588835
2511,180771.71473239842
2512,180776.6611389085
2513,180781.60754541858
2514,180786.55395192868
2515,180791.50035843876
2516,180796.44676494884
2517,180801.3931714589
2518,180806.339577969
2519,180811.28598447907
2520,180816.23239098914
2521,180821.17879749925
2522,180826.12520400932
2523,180831.0716105194
2524,180836.01801702948
2525,180840.96442353955
2526,180845.91083004963
2527,180850.8572365597
2528,180855.8036430698
2529,180860.7500495799
2530,180865.69645608997
2531,180870.64286260004
2532,180875.58926911012
2533,180880.5356756202
2534,180885.48208213027
2535,180890.42848864038
2536,180895.37489515045
2537,180900.32130166053
2538,180905.2677081706
2539,180910.21411468068
2540,180915.16052119076
2541,180920.10692770084
2542,180925.05333421094
2543,180929.99974072102
2544,180934.9461472311
2545,180939.89255374117
2546,180944.83896025125
2547,180949.78536676132
2548,180954.7317732714
2549,180959.6781797815
2550,180964.62458629158
2551,180969.57099280166
2552,180974.51739931174
2553,180979.4638058218
2554,180984.4102123319
2555,180989.35661884196
2556,180994.30302535207
2557,180999.24943186215
2558,181004.19583837222
2559,181009.1422448823
2560,181014.08865139238
2561,181019.03505790245
2562,181023.98146441253
2563,181028.92787092263
2564,181033.8742774327
2565,181038.8206839428
2566,181043.76709045286
2567,181048.71349696294
2568,181053.65990347302
2569,181058.6063099831
2570,181063.5527164932
2571,181068.49912300328
2572,181073.44552951335
2573,181078.39193602343
2574,181083.3383425335
2575,181088.28474904358
2576,181093.23115555366
2577,181098.17756206376
2578,181103.12396857384
2579,181108.07037508392
2580,181113.016781594
2581,181117.96318810407
2582,181122.90959461415
2583,181127.85600112422
2584,181132.80240763433
2585,181137.7488141444
2586,181142.69522065448
2587,181147.64162716456
2588,181152.58803367463
2589,181157.5344401847
2590,181162.4808466948
2591,181167.4272532049
2592,181172.37365971497
2593,181177.32006622505
2594,181182.26647273512
2595,181187.2128792452
2596,181192.15928575528
2597,181197.10569226535
2598,181202.05209877546
2599,181206.99850528553
2600,181211.9449117956
2601,181216.8913183057
2602,181221.83772481576
2603,181226.78413132584
2604,181231.73053783592
2605,181236.67694434602
2606,181241.6233508561
2607,181246.56975736617
2608,181251.51616387625
2609,181256.46257038633
2610,181261.4089768964
2611,181266.35538340648
2612,181271.3017899166
2613,181276.24819642666
2614,181281.19460293674
2615,181286.14100944682
2616,181291.0874159569
2617,181296.03382246697
2618,181300.98022897705
2619,181305.92663548715
2620,181310.87304199723
2621,181315.8194485073
2622,181320.76585501738
2623,181325.71226152746
2624,181330.65866803753
2625,181335.6050745476
2626,181340.55148105772
2627,181345.4978875678
2628,181350.44429407787
2629,181355.39070058794
2630,181360.33710709802
2631,181365.2835136081
2632,181370.22992011817
2633,181375.17632662825
2634,181380.12273313836
2635,181385.06913964843
2636,181390.0155461585
2637,181394.9619526686
2638,181399.90835917866
2639,181404.85476568874
2640,181409.80117219884
2641,181414.74757870892
2642,181419.693985219
2643,181424.64039172907
2644,181429.58679823915
2645,181434.53320474923
2646,181439.4796112593
2647,181444.42601776938
2648,181449.37242427949
2649,181454.31883078956
2650,181459.26523729964
2651,181464.21164380971
2652,181469.1580503198
2653,181474.10445682987
2654,181479.05086333997
2655,181483.99726985005
2656,181488.94367636013
2657,181493.8900828702
2658,181498.83648938028
2659,181503.78289589036
2660,181508.72930240043
2661,181513.6757089105
2662,181518.6221154206
2663,181523.5685219307
2664,181528.51492844077
2665,181533.46133495084
2666,181538.40774146092
2667,181543.354147971
2668,181548.3005544811
2669,181553.24696099118
2670,181558.19336750126
2671,181563.13977401133
2672,181568.0861805214
2673,181573.03258703148
2674,181577.97899354156
2675,181582.92540005164
2676,181587.87180656174
2677,181592.81821307182
2678,181597.7646195819
2679,181602.71102609197
2680,181607.65743260205
2681,181612.60383911213
2682,181617.55024562223
2683,181622.4966521323
2684,181627.44305864238
2685,181632.38946515246
2686,181637.33587166254
2687,181642.2822781726
2688,181647.2286846827
2689,181652.17509119277
2690,181657.12149770287
2691,181662.06790421295
2692,181667.01431072303
2693,181671.9607172331
2694,181676.90712374318
2695,181681.85353025325
2696,181686.79993676336
2697,181691.74634327344
2698,181696.6927497835
2699,181701.6391562936
2700,181706.58556280367
2701,181711.53196931374
2702,181716.47837582382
2703,181721.4247823339
2704,181726.371188844
2705,181731.31759535408
2706,181736.26400186415
2707,181741.21040837423
2708,181746.1568148843
2709,181751.10322139438
2710,181756.0496279045
2711,181760.99603441457
2712,181765.94244092464
2713,181770.88884743472
2714,181775.8352539448
2715,181780.78166045487
2716,181785.72806696495
2717,181790.67447347502
2718,181795.62087998513
2719,181800.5672864952
2720,181805.51369300528
2721,181810.46009951536
2722,181815.40650602544
2723,181820.3529125355
2724,181825.2993190456
2725,181830.2457255557
2726,181835.19213206577
2727,181840.13853857585
2728,181845.08494508592
2729,181850.031351596
2730,181854.97775810608
2731,181859.92416461615
2732,181864.87057112626
2733,181869.81697763634
2734,181874.7633841464
2735,181879.7097906565
2736,181884.65619716657
2737,181889.60260367664
2738,181894.54901018672
2739,181899.49541669682
2740,181904.4418232069
2741,181909.38822971698
2742,181914.33463622705
2743,181919.28104273713
2744,181924.2274492472
2745,181929.17385575728
2746,181934.1202622674
2747,181939.06666877746
2748,181944.01307528754
2749,181948.95948179762
2750,181953.9058883077
2751,181958.85229481777
2752,181963.79870132785
2753,181968.74510783795
2754,181973.69151434803
2755,181978.6379208581
2756,181983.58432736818
2757,181988.53073387826
2758,181993.47714038834
2759,181998.4235468984
2760,182003.36995340852
2761,182008.3163599186
2762,182013.26276642867
2763,182018.20917293875
2764,182023.15557944882
2765,182028.1019859589
2766,182033.04839246898
2767,182037.99479897908
2768,182042.94120548916
2769,182047.88761199923
2770,182052.8340185093
2771,182057.7804250194
2772,182062.72683152946
2773,182067.67323803954
2774,182072.61964454965
2775,182077.56605105972
2776,182082.5124575698
2777,182087.45886407988
2778,182092.40527058995
2779,182097.35167710003
2780,182102.2980836101
2781,182107.2444901202
2782,182112.1908966303
2783,182117.13730314036
2784,182122.08370965044
2785,182127.03011616052
2786,182131.9765226706
2787,182136.92292918067
2788,182141.86933569078
2789,182146.81574220085
2790,182151.76214871093
2791,182156.708555221
2792,182161.65496173108
2793,182166.60136824116
2794,182171.54777475123
2795,182176.49418126134
2796,182181.44058777142
2797,182186.3869942815
2798,182191.33340079157
2799,182196.27980730165
2800,182201.22621381172
2801,182206.1726203218
2802,182211.1190268319
2803,182216.06543334198
2804,182221.01183985206
2805,182225.95824636213
2806,182230.9046528722
2807,182235.8510593823
2808,182240.79746589236
2809,182245.74387240247
2810,182250.69027891255
2811,182255.63668542262
2812,182260.5830919327
2813,182265.52949844277
2814,182270.47590495285
2815,182275.42231146293
2816,182280.36871797303
2817,182285.3151244831
2818,182290.2615309932
2819,182295.20793750326
2820,182300.15434401334
2821,182305.10075052342
2822,182310.0471570335
2823,182314.9935635436
2824,182319.93997005367
2825,182324.88637656375
2826,182329.83278307383
2827,182334.7791895839
2828,182339.72559609398
2829,182344.67200260406
2830,182349.61840911416
2831,182354.56481562424
2832,182359.51122213432
2833,182364.4576286444
2834,182369.40403515447
2835,182374.35044166454
2836,182379.29684817462
2837,182384.24325468473
2838,182389.1896611948
2839,182394.13606770488
2840,182399.08247421496
2841,182404.02888072503
2842,182408.9752872351
2843,182413.9216937452
2844,182418.8681002553
2845,182423.81450676537
2846,182428.76091327544
2847,182433.70731978552
2848,182438.6537262956
2849,182443.60013280567
2850,182448.54653931575
2851,182453.49294582586
2852,182458.43935233593
2853,182463.385758846
2854,182468.33216535609
2855,182473.27857186616
2856,182478.22497837624
2857,182483.17138488631
2858,182488.1177913964
2859,182493.0641979065
2860,182498.01060441657
2861,182502.95701092665
2862,182507.90341743673
2863,182512.8498239468
2864,182517.79623045688
2865,182522.74263696698
2866,182527.68904347706
2867,182532.63544998714
2868,182537.5818564972
2869,182542.5282630073
2870,182547.47466951737
2871,182552.42107602744
2872,182557.36748253752
2873,182562.31388904763
2874,182567.2602955577
2875,182572.20670206778
2876,182577.15310857786
2877,182582.09951508793
2878,182587.045921598
2879,182591.9923281081
2880,182596.9387346182
2881,182601.88514112827
2882,182606.83154763834
2883,182611.77795414842
2884,182616.7243606585
2885,182621.67076716857
2886,182626.61717367865
2887,182631.56358018875
2888,182636.50998669883
2889,182641.4563932089
2890,182646.40279971898
2891,182651.34920622906
2892,182656.29561273914
2893,182661.24201924924
2894,182666.18842575932
2895,182671.1348322694
2896,182676.08123877947
2897,182681.02764528955
2898,182685.97405179963
2899,182690.9204583097
2900,182695.86686481978
2901,182700.81327132988
2902,182705.75967783996
2903,182710.70608435004
2904,182715.6524908601
2905,182720.5988973702
2906,182725.54530388027
2907,182730.49171039037
2908,182735.43811690045
2909,182740.38452341052
2910,182745.3309299206
2911,182750.27733643068
2912,182755.22374294075
2913,182760.17014945083
2914,182765.1165559609
2915,182770.062962471
2916,182775.0093689811
2917,182779.95577549117
2918,182784.90218200124
2919,182789.84858851132
